Workbook

Sheet AAS Model Checklist Information
A1: AAS Model Checklist Information
A2: 분류(대상) | B2: 정보 | C2: 설명 | D2: 비고
A3: 기본정보 | B3: * 본 체크리스트는 2026년 중소기업벤처부 과제공고 기준을 대상으로 제작하였습니다. | D3: 검토 기준: LaserMeasuringInstrument_AAS_V0.0.1.aasx / 2026-10-12. 검토자: 공란.
B4: Id 버전 | C4: AAS 모델링시 참조한 표준 및 근거자료에 대한 버전을 확인한다. 예시) CDD 버전, eCl@ss 버전, ETIM 버전 등
B5: IRDI 관련 내용 | C5: 작성하려는 항목의 IRDI가 CDD/eCl@ss에 존재하여야 하며, CDD/eCl@ss에 정의된 내용과 모두 일치해야만 CDD/eCl@ss에서 정의된 Semantic Id를 사용할 수 있다. (예: 단위, 데이터 타입 등이 일부라도 일치하지 않으면 사용할 수 없다)
B6: IRI 양식 | C6: 구조 : - Submodel: KOSMO 홈페이지주소/ids/sm/AAS명/Submodel명/version 예시) https://www.smart-factory.kr/ids/sm/ACB/TechnicalData/1/0 - Submodel 외 항목: KOSMO 홈페이지주소/ids/카테고리/변수명/version 예시) https://www.smart-factory.kr/ids/cd/TypeOfActuator/1/0 https://www.smart-factory.kr/ids/aas/ACB/1/0 * IDTA 표준 서브모델 템플릿을 사용한 경우에는 IRI를 변경하지 않고, 그대로 사용해야 한다. 단, 서브모델의 Id는 IDTA에서 정의한 IRI가 있더라도 중기부에서 정의한 구조를 사용해야 한다. * AAS와 Submodel에 한하여 administration에 버전 정보를 입력하고 ID 뒷부분 '/version' 과 일치 시킬것 * 용어설명 sm: Submodel cd : ConceptDescription aas : AAS
B7: 장비특화 Submodel 구성 | C7: Technical Data 및 Operational Data를 포함한 장비특화 서브모델에서 Property를 추가할 경우 2단계 이상의 계층 세분화가 되어야 한다. * Technical Data 서브모델 세분화는 IDTA 표준 구조 이후 장비특화 계층이 2단계 이상이어야 한다 * 각 계층과 컬렉션은 명확한 분류 목적을 가져야 하며, 별도의 모델링 근거 없이 단순히 하위 요소만을 포함하는 중간 SMC는 계층 세분화 요건을 충족하지 않은 것으로 판단함. | D7: TechnicalData와 OperationalData의 목적별 2단계 계층 확인. 단순한 빈 중간 묶음으로 단계 수를 맞추지 않음.
A8: 체크리스트 참조/공통체크사항 | B8: idShort 설정여부 | C8: idShort가 설정되어 있는지 확인한다. * Naming rule/Convention (권고사항) ① 공백, 특수문자(‘_’, underbar, ‘-‘, hyphen 제외)를 포함하지 않음 ② 일관된 표기법 사용 / 예) 모든 단어를 띄어쓰기 없이 대문자로 시작 예시) "Rated voltage" -> "RatedVoltage" 또는 "Rated_Voltage" 등등
B9: Id | C9: 각 항목의 Id 양식을 확인하고, IRDI 형식인지 IRI 형식인지 구분한다. IRDI인 경우, 해당 항목이 CDD/Ecl@ss에 존재하여야 한다. IRI인 경우, 정해진 양식을 준수하고 있는지 확인한다.
B10: description 또는 definition 여부 | C10: 해당 항목에 대한 description 또는 definition이 작성되어 있는지 확인한다. 모든 서브모델 엘리먼트는 시맨틱 정보를 정의하는 정상적인 Concept Description(CD)을 가져야 함 정상적인 CD란 Preferred Name, Definition를 필수 포함하고, 선택적으로 적절한 DataType, Unit이 포함되어야 함 단, Definition의 경우 영문으로 작성된 정의는 반드시 포함되어야 함
B11: 기타 | C11: ① IDTA가 배포한 서브모델 내부에 자체적으로 포함되어 있는 오류에 대해서는 수정하지 않아야 한다. 예시) IRDI 2개 포함, definition 미작성 등 ② Ecl@ss, CDD에서 정의되어 있지 않은 definition은 자체적으로 정의하지 않고 그대로 사용하여야 한다. ③ Property의 완성도 및 충실도에 대한 정성적 평가를 진행한다. 즉, 본 체크리스트를 통해 정량적으로 평가하지는 않지만, 이후 전문가들에 의해 Property 개수, Property 의미 등이 정성적으로 평가될 예정이다. ④ Technical Data, Operational Data 서브모델 포함(단, Digital Nameplate, Handover Documentation 서브모델 제외) "설비/장비의 특징을 반영하는" 최소 4개 서브모델에 대해서는, 장비 특화 추가 프로퍼티 항목에 대한 value example을 참조모델 및 활용 가이던스 문서에 제시해야 한다. ⑤ 모델 제출 시에는 "「AAS 제조데이터 표준 참조모델 사전 검증 보고서」 작성 요령"에 따라 사전 검증보고서를 제출하여야 한다.

Sheet AAS Model Checklist
A1: EQ07 레이저측정기 정량적 검토 — V0.0.1 / 2026-10-12
A2: 분류(대상) | B2: 번호 | C2: 중요도 | D2: 체크사항 | E2: 설명 | F2: 체크 | G2: 비고 (검토의견) | H2: 충족 집계
A3: 기본사항 | B3: 1 | C3: 필수 | D3: Thumnail | E3: AASX 파일에 Thumbnail 이미지가 포함되어 있으며, AssetInformation의 defaultThumbnail에 동일한 경로가 설정되어 있는지 확인한다. | F3: TRUE | G3: 충족. defaultThumbnail과 TechnicalData ProductImages/ImageFile이 /aasx/Thumbnail.png의 동일한 삼각측량식 센서 예시 이미지를 가리킨다. 첨부파일 존재 및 image/png 확인. | H3: =IF(F3,1,0) -> 1
A4: 공통 | B4: 2 | C4: 필수 | D4: idShort 설정여부 | E4: idShort가 설정되어 있는지 확인한다. | F4: TRUE | G4: 충족. AAS·서브모델 및 일반 하위 요소의 idShort 확인. SML 직접 하위의 무명 항목은 목록 위치로 식별하는 표준 예외임. | H4: =IF(F4,1,0) -> 1
B5: 3 | C5: 필수 | D5: idShort 명명규칙 | E5: idShort가 정의된 양식을 준수하고 있는지 확인한다. ※ 예외사항 Submodel Element List의 하위에 속하는 Submodel Element는 idShort를 작성하지 않아도 되며, 작성하는 경우 명명규칙을 준수하여야 함 | F5: TRUE | G5: 충족. 동일 계층 idShort 중복 0건. SML 직접 하위의 [0] 표기는 문서의 위치 표시이며 실제 idShort가 아님. | H5: =IF(F5,1,0) -> 1
A6: AAS | B6: 4 | C6: 필수 | D6: Id | E6: 각 항목의 Id 양식을 확인하고, IRDI 형식인지 IRI 형식인지 구분한다. IRI인 경우, 정해진 양식을 준수하고 있는지 확인한다. * administration에 버전 정보를 입력하고 ID 뒷부분 '/version' 과 일치 시킬것 | F6: TRUE | G6: 충족. AAS의 장비별 IRI와 administration version/revision 및 ID 끝 버전 일치. 제출 파일 버전 V0.0.1은 IDTA 템플릿 버전과 별도 관리. | H6: =IF(F6,1,0) -> 1
B7: 5 | C7: 필수 | D7: Submodel 구성 | E7: AAS 모델링에서 필수적인 성격을 지닌 아래의 4가지 Submodel이 포함되어 있으며 총 6종 이상 8종 이하의 Submodel로 구성되어 있는지 확인한다. ① Digital Nameplate, ② Handover Documentation, ③ Technical Data, ④ Operational Data | F7: TRUE | G7: 충족. 필수 Nameplate·HandoverDocumentation·TechnicalData·OperationalData 포함 총 7개. 추가 3개는 TimeSeries·Reliability·PredictiveMaintenance. | H7: =IF(F7,1,0) -> 1
B8: 6 | C8: 옵션 | D8: globalAssetId 여부 | E8: globalAssetId가 설정되어 있는지 확인한다. | F8: TRUE | G8: 충족. 장비명·예시 모델명 EX-LM-100을 포함한 globalAssetId 설정. Nameplate URIOfTheProduct와 일치. | H8: =IF(F8,1,0) -> 1
B9: 7 | C9: 필수 | D9: Type종류 | E9: 'kind'가 'Type'으로 지정되어 있는지 확인한다. | F9: TRUE | G9: 충족. assetInformation/assetKind=Type. 실제 개별 장비가 아닌 유형 참조모델. | H9: =IF(F9,1,0) -> 1
A10: Submodel | B10: 8 | C10: 필수 | D10: 최신 Version 여부 | E10: IDTA 서브모델 템플릿을 활용하는 경우, 최신 버전의 템플릿을 사용하고 있는지 확인한다. | F10: TRUE | G10: 충족. Nameplate 3.0.2, HandoverDocumentation 2.0.2, TechnicalData 2.0.2, TimeSeries 1.1.2, Reliability 1.0.2, PredictiveMaintenance 1.0. reference버전 2 보관 원본 기준(2026-10-07). | H10: =IF(F10,1,0) -> 1
B11: 9 | C11: 필수 | D11: Id | E11: 각 항목의 Id 양식을 확인하고, IRDI 형식인지 IRI 형식인지 구분한다. IRI인 경우, 정해진 양식을 준수하고 있는지 확인한다. * administration에 버전 정보를 입력하고 ID 뒷부분 '/version' 과 일치 시킬것 | F11: TRUE | G11: 충족. 7개 서브모델 ID는 LaserDisplacementSensorAAS 및 각 서브모델 이름을 포함. administration의 version/revision과 ID 끝부분 일치. | H11: =IF(F11,1,0) -> 1
B12: 10 | C12: 필수 | D12: Semantic ID | E12: Semantic ID가 작성되어 있는지 확인한다. 표준 서브모델이 아닌 경우, 적절한 형식의 IRI 식별자인지 확인한다. | F12: TRUE | G12: 충족. 공식 6개 서브모델 semanticId는 해당 IDTA 원본 유지. OperationalData는 장비별 자체 IRI 사용. | H12: =IF(F12,1,0) -> 1
B13: 11 | C13: 필수 | D13: kind | E13: 'kind'가 'Template'으로 지정되어 있는지 확인한다 | F13: TRUE | G13: 충족. 7개 서브모델 모두 kind=Template. | H13: =IF(F13,1,0) -> 1
B14: 12 | C14: 옵션 | D14: 계층 세분화 | E14: 장비 특화 프로퍼티를 포함하는 서브모델이 2단계 이상의 계층 세분화가 되었는지 확인한다. ※ 예외사항 * IDTA 기본 템플릿은 계층 세분화에서 제외하며, Technical Data 서브모델의 경우 표준 구조 이외 세분화가 2단계 이상이어야 한다. * 각 계층과 컬렉션은 명확한 분류 목적을 가져야 하며, 별도의 모델링 근거 없이 단순히 하위 요소만을 포함하는 중간 SMC는 계층 세분화 요건을 충족하지 않은 것으로 판단함. | F14: TRUE | G14: 충족. TechnicalPropertyAreas 이후 PerformanceSpecification→MeasurementCapability 등 목적별 2단계 구성. 운전은 LaserMeasurementOperationData→OperationState/MeasurementMonitoring/AlarmMonitoring/LifetimeCounters로 구분. | H14: =IF(F14,1,0) -> 1
A15: SME (Submodel Element) | B15: 13 | C15: 옵션 | D15: 특수 SME 배제 여부 | E15: AAS 참조모델 개발 시 사용을 지양하는 Operation, BasicEventElement, Capability 엘리먼트가 사용되지 않았는지 확인한다. | F15: TRUE | G15: 충족. Operation·BasicEventElement·Capability 0개. | H15: =IF(F15,1,0) -> 1
B16: 14 | C16: 필수 | D16: Concept Description 매핑여부 | E16: Submodel Elements가 Concept Description과 올바르게 매핑되어 있는지 확인한다 | F16: TRUE | G16: 충족(공식 원본 보존 예외 적용). CD 238개. 표준 SME 미매핑 8곳과 PM 자료형 차이 9곳은 IDTA 원본과 동일하다. ECLASS 속성 3종은 공식 정의·자료형·단위와 대조했다. 최종 Validator 70 Passed·0 Failed. 표준 6종은 자동검사 제외로 수동 대조 근거를 유지한다. | H16: =IF(F16,1,0) -> 1
A17: SME 중 Property | B17: 15 | C17: 필수 | D17: value 값 여부 | E17: value값에 Example Data가 기입 되었는지 확인한다. * DigitalNameplate, HandoverDocumentation 제외 | F17: TRUE | G17: 충족. Property 180개·MLP 38개·Range 5개를 포함한 값 요소 점검에서 빈 예시값 0건. 정격·현재값·이력·신뢰성·예지보전 값과 단위를 구분. | H17: =IF(F17,1,0) -> 1
B18: 16 | C18: 필수 | D18: Concept Description과 data type 매칭여부 | E18: valueType이 설정되어야 하며, 연결된 Concept Description의 dataType과 매칭되는 데이터 타입으로 설정되어야 한다 | F18: TRUE | G18: 충족(공식 원본 예외 적용). ECLASS 16.0 PR/UN 자료와 정의·자료형·단위를 대조하여 파장 AAZ225#004(REAL_MEASURE/nm), 레이저 등급 BAF573#011(STRING), 보호등급 BAG975#017(STRING)을 적용했다. 파장 값은 xs:double 405이다. IDTA 원본 CD는 보존했다. PM 원본의 숫자형 SME/CD STRING 차이 9곳은 임의 보정하지 않았다. | H18: =IF(F18,1,0) -> 1
A19: ConceptDescription | B19: 17 | C19: 필수 | D19: Id | E19: 각 항목의 Id 양식을 확인하고, IRDI 형식인지 IRI 형식인지 구분한다. * IRDI인 경우, 해당 항목이 CDD/Ecl@ss에 존재하여야 한다. * IRI인 경우, 정해진 양식을 준수하고 있는지 확인한다. | F19: TRUE | G19: 충족. ECLASS 16.0 PR/UN 자료와 정의·자료형·단위를 대조하여 파장 AAZ225#004(REAL_MEASURE/nm), 레이저 등급 BAF573#011(STRING), 보호등급 BAG975#017(STRING)을 적용했다. 파장 값은 xs:double 405이다. IDTA 원본 CD는 보존했다. ECLASS 16.0 Optical distance sensor, 27-27-09-16, 0173-1#01-AGZ394#023 적용. KWSY의 Laser triangulation sensor 키워드가 측정 원리와 일치한다. CC의 변속기 Definition은 원본 자료 이상으로 명시했으며 완전 일치라 주장하지 않는다. AGZ388#021은 코드 레일·테이프 방식이므로 배제했다. | H19: =IF(F19,1,0) -> 1
B20: 18 | C20: 필수 | D20: definition 여부 | E20: 해당 항목에 대한 definition이 작성되어 있는지 확인한다. * description이 작성되어 있는 경우도 포함 | F20: TRUE | G20: 충족. 자체 CD의 정의와 SME의 쉬운 한국어 설명을 동기화했다. 측정 대상·기준 조건·단위·값의 용도를 명시하고, 공식 IDTA CD 자체는 수정하지 않았다. | H20: =IF(F20,1,0) -> 1
B21: 19 | C21: 필수 | D21: dataType 설정여부 | E21: Concept Description의 dataType이 설정되어 있는지 확인한다 * eCl@ss/CDD에서 dataType이 정의되어 있지 않은 경우는 제외 | F21: TRUE | G21: 충족(공식 원본 예외 적용). 값 요소에 필요한 CD dataType 확인. 구조 요소나 공식 원본에서 dataType을 정의하지 않은 항목은 체크리스트 예외 기준 적용. | H21: =IF(F21,1,0) -> 1
A22: 비고 | B22: - IDTA가 배포한 서브모델 내부에 자체적으로 포함되어 있는 오류에 대해서는 수정하지 않아야 한다. - Ecl@ss, CDD에서 정의되어 있지 않은 definition은 자체적으로 정의하지 않고 그대로 사용하여야 한다. - Property의 완성도 및 충실도에 대한 정성적 평가를 진행한다. 즉, 본 체크리스트를 통해 정량적으로 평가하지는 않지만, 이후 전문가들에 의해 Property 개수, Property 의미 등이 정성적으로 평가될 예정이다.
A23: 합계 | B23: =COUNTA(D3:D21) -> 19 | C23: 최종본의 정량 기준 19/19 충족. 20261012212903_test_result.html에서 70 Passed·0 Failed 확인. 검사 제외 표준 6종은 공식 원본 수동 대조 근거로 판정한다.

Sheet AAS Model Checklist Result
A1: EQ07 레이저측정기 — 정량적 검토 결과
A2: 분류 | E2: 기준항목 | F2: 세부항목 | G2: 개수 | H2: % | I2: 비고
A3: 단순통계 | E3: 충족 | G3: =SUM('AAS Model Checklist'!H3:H21) -> 19 | H3: =ROUND(G3/$G$5*100,1) -> 100 | I3: 체크사항 충족 항목
E4: 미확정 | G4: ='AAS Model Checklist'!B23-G3 -> 0 | H4: =ROUND(G4/$G$5*100,1) -> 0 | I4: 보완필요 또는 확인필요
E5: 합계 | F5: - | G5: =SUM(G3:G4) -> 19 | H5: =ROUND(G5/$G$5*100,1) -> 100 | I5: 총 체크사항
A6: '중요도'기준 통계 | E6: 필수 | F6: "필수" 中  | G6: =SUMIF('AAS Model Checklist'!C3:C21,"필수",'AAS Model Checklist'!H3:H21) -> 16 | H6: =ROUND(G6/$G$5*100,1) -> 84.2 | I6: 필수 체크사항 충족 항목
F7: "필수" 中  | G7: =COUNTIF('AAS Model Checklist'!C3:C21,"필수")-G6 -> 0 | H7: =ROUND(G7/$G$5*100,1) -> 0 | I7: 필수 보완/확인 대기
E8: 옵션 | F8: "옵션" 中  | G8: =SUMIF('AAS Model Checklist'!C3:C21,"옵션",'AAS Model Checklist'!H3:H21) -> 3 | H8: =ROUND(G8/$G$5*100,1) -> 15.8 | I8: 옵션 체크사항 충족 항목
F9: "옵션" 中  | G9: =COUNTIF('AAS Model Checklist'!C3:C21,"옵션")-G8 -> 0 | H9: =ROUND(G9/$G$5*100,1) -> 0 | I9: 옵션 보완/확인 대기
E10: 합계 | F10: - | G10: =SUM(G6:G9) -> 19 | H10: =ROUND(G10/$G$5*100,1) -> 100 | I10: 총 체크사항
A12: 19개 정량 기준의 내용 판정 집계이며 Validator 통과율이 아니다. 공식 원본 보존 예외를 포함한다. 최종본 재검증: 20261012212903_test_result.html, 70 Passed·0 Failed.

Sheet Additional Considerations
A1: 추가 검토사항 — 2026-10-12 최종 검증 결과 반영
A3: 판정 근거 | B3: KTL D-01~D-13과 현재 AASX·계획서·가이던스 대조. 표준사전은 제공된 ECLASS 16.0 PR/UN/CC/KWSY 파일을 사용했다. 검토자 성명 공란.
A5: 집계 의미 | B5: 정량 기준 19/19 충족. 최종본 Validator 70 Passed·0 Failed를 확인하여 정성 #3도 기준충족으로 갱신했다. 자동검사 제외 영역은 기존 공식 원본 수동 대조 근거를 유지한다.
A7: 최종 AASX | B7: LaserMeasuringInstrument_AAS_V0.0.1.aasx SHA-256: 4114433a9964cf96d8a6f2d92003e41c7e087a455a4cb38acdf58108f5f9edb6 AAS 1 / Submodel 7 / SME 341 / CD 238
A9: Validator 증빙 | B9: 20261012212903_test_result.html: LaserMeasuringInstrument_AAS_V0.0.1.aasx 검사 결과 70 Passed·0 Failed. 2026-10-12 최종본 재검증 완료. 검사 제외된 공식 IDTA 서브모델 6종(HandoverDocumentation, Nameplate, PredictiveMaintenance, Reliability, TechnicalData, TimeSeries)은 기존 공식 원본 수동 대조 근거를 유지하며 자동검사 통과와 구분한다.
A11: 공식 원본 예외 | B11: 공식 원본 보존 예외: 내부 CD 미포함 표준 SME 경로 8개(Nameplate 5·PredictiveMaintenance 3), xs:double/CD STRING 차이 9개(Property 7·Range 2)는 배포 원본에도 동일함. 공식 식별자·자료형을 임의 변경하지 않음. 이는 이번 Validator의 Failed나 오판 발생을 뜻하지 않으며, 자동검사 제외 영역의 수동 검토 근거임.
